Mariwenn;Famille;Name;Position;Orthotropie;Hauteur;Densite;DBH;Germination;Masse;Pulpe;Enveloppe;Couleur
4663;Mimosaceae;Abarema jupunba;3;;36;0,61;58,8;2;3;1;1;1
4667;Mimosaceae;Abarema mataybifolia;2;;26;;23,6;2;3;1;1;1
5314;Opiliaceae;Agonandra silvatica;3;;40;0,83;43,9;5;4;1;0;1
2869;Euphorbiaceae;Alchorneopsis floribunda;2;;;0,44;41,4;1;2;1;1;1
3064;Papilionaceae;Alexa wachenheimii;3;;42;0,49;83,3;;4;0;1;0
6863;Rubiaceae;Amaioua guianensis;1;;11;0,63;18,2;;2;1;0;1
2871;Euphorbiaceae;Amanoa guianensis;3;;30;0,84;52;2;4;0;1;0
271;Apocynaceae;Ambelania acida;2;;20;0,55;20,7;1;2;1;0;1
8014;Violaceae;Amphirrhox longifolia;1;;25;0,71;19,1;;2;0;1;0
125;Anacardiaceae;Anacardium spruceanum;3;1;40;0,46;61,3;2;4;1;0;1
142;Annonaceae;Anaxagorea dolichocarpa;1;0;8;0,58;13,2;1;3;0;1;0
3066;Papilionaceae;Andira coriacea;3;1;42;0,73;73,3;4;5;1;0;0
3661;Lauraceae;Aniba rosaeodora;3;1;32;0,68;45,3;3;4;1;0;1
3888;Loganiaceae;Antonia ovata;3;;38;0,47;62,7;;1;0;1;0
7877;Tiliaceae;Apeiba glabra;3;0;23;0,32;43,8;;1;1;2;0
7881;Tiliaceae;Apeiba petoumo;3;0;30;0,37;61,6;;2;1;2;0
272;Apocynaceae;Aspidosperma album;3;0;35;0,77;59,8;3;3;0;1;0
274;Apocynaceae;Aspidosperma cruentum;3;0;25;;37,6;3;3;0;1;0
275;Apocynaceae;Aspidosperma excelsum;3;0;32;0,79;;3;3;0;1;0
279;Apocynaceae;Aspidosperma marcgravianum;3;0;45;0,72;73,3;1;3;0;1;0
579;Arecaceae;Astrocaryum sciophilum;1;1;12;;15,1;4;5;1;2;0
651;Arecaceae;Attalea maripa;2;;24;;31,5;4;5;1;2;0
4855;Moraceae;Bagassa guianensis;4;1;45;0,71;125,4;1;1;1;0;1
4684;Mimosaceae;Balizia pedicellaris;3;;44;0,52;89,1;2;2;1;1;0
1462;Papilionaceae;Bocoa prouacensis;2;0;34;1,05;37,9;3;4;1;1;0
1107;Bombacaceae;Bombacopsis nervosa;3;;36;0,47;43;;3;0;1;0
4857;Moraceae;Brosimum acutifolium;3;0;35;0,62;76,4;4;3;1;0;1
4860;Moraceae;Brosimum guianense;4;0;45;0,89;43,9;4;3;1;0;1
4863;Moraceae;Brosimum rubescens;3;0;32;0,84;52,8;4;4;1;0;1
4864;Moraceae;Brosimum utile;3;0;50;0,49;68,7;4;4;1;0;1
2097;Combretaceae;Buchenavia grandis;4;;30;0,77;60,5;1;4;1;2;0
4009;Malpighiaceae;Byrsonima densa;3;;34;0,62;46,9;;3;1;0;1
4016;Malpighiaceae;Byrsonima laevigata;3;;23;0,62;36,2;;3;1;0;1
1731;Capparaceae;Capparis maroniensis;2;;29;0,67;51,9;;4;1;2;0
1957;Clusiaceae;Caraipa densifolia;2;;30;0,64;37,3;2;3;0;1;0
4570;Meliaceae;Carapa procera;3;1;41;0,54;43,7;4;5;0;1;0
1757;Caryocaraceae;Caryocar glabrum;4;;48;0,71;122;4;5;1;0;0
3345;Flacourtiaceae;Casearia javitensis;2;0;17;0,76;22,5;;2;1;1;1
3348;Flacourtiaceae;Casearia pitumba;1;0;25;0,73;21,9;;3;1;2;1
3352;Flacourtiaceae;Casearia sylvestris;1;0;22;0,71;27,3;;1;1;1;1
1477;Caesalpiniaceae;Cassia spruceana;3;;32;;66,5;1;3;1;2;0
6840;Rhizophoraceae;Cassipourea guianensis;1;;25;0,82;18,4;;2;1;1;0
1111;Bombacaceae;Catostemma fragrans;2;;25;0,57;29,1;4;5;1;1;1
1772;Cecropiaceae;Cecropia obtusa;3;1;24;0,31;29,8;1;1;1;0;0
1775;Cecropiaceae;Cecropia sciadophylla;3;1;30;0,39;41;1;1;1;0;0
2881;Euphorbiaceae;Chaetocarpus schomburgkianus;3;;38;0,81;54,4;1;2;1;1;1
5279;Olacaceae;Chaunochiton kappleri;3;;32;0,52;55,5;;3;0;2;0
3505;Hippocrateaceae;Cheiloclinium cognatum;1;;10;;17,2;4;3;1;2;1
6887;Rubiaceae;Chimarrhis turbinata;3;;35;0,72;85,4;;1;0;1;0
7515;Sapotaceae;Chrysophyllum argenteum;2;0;20;0,78;31;2;3;1;0;1
7518;Sapotaceae;Chrysophyllum cuneifolium;2;0;15;0,93;;;4;1;2;1
7522;Sapotaceae;Chrysophyllum pomiferum;3;0;37;0,77;66,4;1;3;1;2;1
7523;Sapotaceae;Chrysophyllum prieurii;3;0;38;0,83;50,5;1;4;1;2;1
7524;Sapotaceae;Chrysophyllum sanguinolentum;3;0;40;0,67;55,9;1;4;1;2;0
6725;Polygonaceae;Coccoloba mollis;2;;30;0,67;23,6;;3;1;0;1
2891;Euphorbiaceae;Conceveiba guianensis;2;;20;0,55;27;5;3;1;1;0
1151;Boraginaceae;Cordia nodosa;1;0;10;0,39;20,7;1;3;1;0;1
1154;Boraginaceae;Cordia sagotii;1;0;15;0,43;24,9;1;3;1;2;0
1820;Chrysobalanaceae;Couepia bracteosa;3;0;20;0,77;43,4;4;5;1;0;1
1822;Chrysobalanaceae;Couepia caryophylloides;3;0;39;0,77;59,9;4;5;1;0;0
1830;Chrysobalanaceae;Couepia guianensis;3;0;37;0,75;53,2;4;4;1;0;0
1833;Chrysobalanaceae;Couepia habrantha;2;0;30;0,795;;4;5;1;0;1
1836;Chrysobalanaceae;Couepia obovata;2;0;20;0,795;;;4;1;0;0
1838;Chrysobalanaceae;Couepia parillo;2;0;20;0,795;28,9;;5;1;0;0
291;Apocynaceae;Couma guianensis;3;1;35;0,47;64,2;1;3;1;2;1
3766;Lecythidaceae;Couratari calycina;3;0;31;;36,7;;3;0;1;0
3767;Lecythidaceae;Couratari gloriosa;3;0;30;;;1;3;0;1;0
3768;Lecythidaceae;Couratari guianensis;4;0;42;0,51;72,9;1;3;0;1;0
3769;Lecythidaceae;Couratari multiflora;4;0;38;0,45;52,8;1;2;0;1;0
3770;Lecythidaceae;Couratari oblongifolia;4;0;40;0,5;70;;2;0;1;0
6919;Rubiaceae;Coussarea racemosa;1;;16;0,65;16,5;1;3;1;0;1
1507;Caesalpiniaceae;Crudia aromatica;3;;34;0,93;53,6;;4;0;1;0
1508;Caesalpiniaceae;Crudia bracteata;2;;27;0,93;23,1;4;4;0;1;0
7403;Sapindaceae;Cupania scrobiculata;2;;27;0,63;22;4;3;1;1;1
1368;Burseraceae;Dacryodes nitens;2;;23;0,49;41,1;4;4;1;0;1
3579;Icacinaceae;Dendrobangia boliviana;3;;35;0,63;49,7;1;3;1;0;1
1521;Caesalpiniaceae;Dialium guianense;3;;35;0,89;73,5;;3;0;2;0
1522;Caesalpiniaceae;Dicorynia guianensis;4;0;52;0,63;80;2;4;0;2;0
1538;Caesalpiniaceae;Dimorphandra polyandra;3;;40;0,66;;1;3;0;1;0
2727;Ebenaceae;Diospyros capreifolia;1;0;25;0,667;22,5;5;4;1;2;1
2714;Ebenaceae;Diospyros carbonaria;2;0;20;0,73;30;5;3;1;2;1
2716;Ebenaceae;Diospyros cayennensis;2;0;32;0,46;40,1;;4;1;2;0
2732;Ebenaceae;Diospyros vestita;2;0;38;0,667;;;3;1;2;1
3167;Papilionaceae;Diplotropis purpurea;3;0;45;0,76;66,7;3;3;0;0;0
3171;Papilionaceae;Dipteryx odorata;3;1;40;0,92;100;2;5;1;0;0
2938;Euphorbiaceae;Drypetes fanshawei;2;;33;;29,5;1;3;1;0;0
2939;Euphorbiaceae;Drypetes variabilis;3;;25;0,73;49,8;1;4;1;0;1
168;Annonaceae;Duguetia calycina;1;;10;0,37;15,8;;2;1;0;0
187;Annonaceae;Duguetia surinamensis;2;;30;0,8;22;;4;1;2;1
6934;Rubiaceae;Duroia aquatica;1;0;15;0,78;17,8;;1;1;2;0
6935;Rubiaceae;Duroia eriopila;1;0;15;0,79;;1;1;1;2;0
7530;Sapotaceae;Ecclinusa guianensis;3;0;40;0,63;57,3;2;4;1;2;1
7533;Sapotaceae;Ecclinusa ramiflora;2;0;30;;31,1;3;4;1;2;1
3583;Icacinaceae;Emmotum fagifolium;3;;30;0,73;74,4;1;4;1;0;0
31277;Lauraceae;Endlicheria melinonii;2;;25;;34,2;4;4;1;0;1
4703;Mimosaceae;Enterolobium oldemanii;3;;40;0,75;66,6;2;3;0;1;0
4704;Mimosaceae;Enterolobium schomburgkii;4;;40;0,72;98,9;2;3;0;2;0
1551;Caesalpiniaceae;Eperua falcata;3;0;44;0,72;68;3;4;0;1;0
1553;Caesalpiniaceae;Eperua grandiflora;3;0;42;0,73;64;4;5;0;1;0
1114;Bombacaceae;Eriotheca globosa;3;1;35;0,41;94,3;2;3;0;1;0
3777;Lecythidaceae;Eschweilera apiculata;3;0;38;;66,3;4;4;1;1;0
3779;Lecythidaceae;Eschweilera chartaceifolia;2;0;28;;28;4;4;1;1;0
3781;Lecythidaceae;Eschweilera congestiflora;3;0;32;0,86;38;4;4;1;1;0
3782;Lecythidaceae;Eschweilera coriacea;3;0;37;0,84;57,2;4;4;1;1;0
3783;Lecythidaceae;Eschweilera decolorans;3;0;38;0,8272;43,6;4;4;1;1;0
3786;Lecythidaceae;Eschweilera grandiflora;2;0;42;0,88;55,2;4;4;1;1;0
3788;Lecythidaceae;Eschweilera micrantha;2;0;37;0,86;35,9;4;4;1;1;0
3789;Lecythidaceae;Eschweilera parviflora;2;0;43;0,92;33,7;4;4;1;1;0
3791;Lecythidaceae;Eschweilera pedicellata;2;0;20;0,91;26,4;4;4;1;1;0
3795;Lecythidaceae;Eschweilera sagotiana;3;0;41;0,8;53,1;4;4;1;1;0
3796;Lecythidaceae;Eschweilera simiorum;2;0;25;0,86;22,2;4;4;1;1;0
3797;Lecythidaceae;Eschweilera squamata;4;0;35;;73,5;4;4;1;1;0
3799;Lecythidaceae;Eschweilera wachenheimii;2;0;25;0,81;27,1;4;4;1;1;0
5020;Myrtaceae;Eugenia anastomosans;2;;20;0,77;26,6;;3;1;0;1
5027;Myrtaceae;Eugenia coffeifolia;1;;25;0,76;20,4;;3;1;0;1
5050;Myrtaceae;Eugenia latifolia;1;;25;0,758;;4;4;1;0;1
5054;Myrtaceae;Eugenia macrocalyx;2;;25;0,758;;4;4;1;0;1
5063;Myrtaceae;Eugenia patrisii;1;;15;0,83;20,1;4;3;1;0;1
5067;Myrtaceae;Eugenia pseudopsidium;2;;25;0,82;26;;3;1;0;1
5075;Myrtaceae;Eugenia tetramera;1;;25;0,758;22,6;4;3;1;2;1
622;Arecaceae;Euterpe oleracea;1;1;28;;17,5;;4;1;0;1
4884;Moraceae;Ficus insipida;4;;35;0,36;;1;1;1;0;0
4892;Moraceae;Ficus nymphaeifolia;4;;50;0,41;;1;1;1;0;0
190;Annonaceae;Fusaea longifolia;1;0;12;0,74;15,9;;3;1;0;1
31161;Clusiaceae;Garcinia madruno;2;;28;;23,2;4;4;1;2;1
305;Apocynaceae;Geissospermum laeve;3;;46;0,76;106,4;1;3;1;0;1
2947;Euphorbiaceae;Glycydendron amazonicum;3;;36;0,67;84,6;1;5;1;0;1
1803;Celastraceae;Goupia glabra;3;0;42;0,72;83;1;1;1;0;1
4576;Meliaceae;Guarea gomma;3;;31;0,65;45,2;4;3;1;1;1
4583;Meliaceae;Guarea pubescens;1;1;6;0,53;22,4;;3;1;1;1
193;Annonaceae;Guatteria citriodora;3;0;33;;37,8;;3;1;0;1
202;Annonaceae;Guatteria guianensis;1;0;15;;14;;3;1;0;1
3800;Lecythidaceae;Gustavia augusta;1;0;30;0,66;14,6;4;4;1;2;0
3802;Lecythidaceae;Gustavia hexapetala;2;0;20;0,71;22,5;4;3;1;2;1
3546;Linaceae;Hebepetalum humiriifolium;2;;20;0,87;45,6;1;3;1;0;0
5285;Olacaceae;Heisteria densifrons;1;;16;0,65;19,2;;3;1;0;1
4908;Moraceae;Helicostylis pedunculata;3;;25;0,67;48;4;3;1;0;1
4909;Moraceae;Helicostylis tomentosa;3;;30;0,63;40,8;4;3;1;0;1
2950;Euphorbiaceae;Hevea guianensis;3;1;35;0,55;49,5;4;4;0;1;0
307;Apocynaceae;Himatanthus articulatus;2;1;30;0,54;50,8;3;3;0;1;0
308;Apocynaceae;Himatanthus bracteatus;2;1;12;0,56;25,8;;3;0;1;0
1844;Chrysobalanaceae;Hirtella bicornis;2;0;29;0,9;39,5;4;3;1;0;1
1855;Chrysobalanaceae;Hirtella glandulosa;3;0;35;0,93;45,2;4;3;1;0;1
1857;Chrysobalanaceae;Hirtella hispidula;1;0;15;0,798;;;3;1;0;1
3551;Humiriaceae;Humiria balsamifera;4;;49;0,75;96;1;3;1;0;1
3562;Humiriaceae;Humiriastrum subcrenatum;3;;48;;71,9;1;4;1;0;1
3192;Papilionaceae;Hymenolobium flavum;4;0;50;0,69;92,5;2;4;0;0;0
4710;Mimosaceae;Inga alba;3;0;40;0,59;74,6;3;3;1;2;0
4712;Mimosaceae;Inga bourgoni;3;0;20;0,574;35,1;3;3;1;2;0
4717;Mimosaceae;Inga capitata;2;0;12;0,6;34,2;;3;1;2;1
4718;Mimosaceae;Inga cayennensis;2;0;;0,53;22;3;3;1;2;0
4724;Mimosaceae;Inga fanchoniana;2;0;37;0,574;54,3;3;4;1;2;1
4728;Mimosaceae;Inga gracilifolia;2;0;35;0,574;86,3;3;3;1;2;0
4730;Mimosaceae;Inga huberi;2;0;21;0,53;54,8;3;4;1;2;1
4733;Mimosaceae;Inga jenmanii;2;0;14;0,574;29,1;3;3;1;2;
4736;Mimosaceae;Inga leiocalycina;2;0;25;0,56;42,7;3;3;1;2;0
4738;Mimosaceae;Inga lomatophylla;1;0;25;0,574;;3;3;1;2;
9902;Mimosaceae;Inga marginata;2;0;25;0,58;47,3;3;3;1;2;1
4741;Mimosaceae;Inga melinonis;2;0;29;0,54;43,2;;4;1;2;1
12716;Mimosaceae;Inga nouragensis;3;0;31;0,574;45,4;3;3;1;2;0
4745;Mimosaceae;Inga paraensis;3;0;38;0,82;57,6;;3;1;2;0
4747;Mimosaceae;Inga pezizifera;2;0;30;0,61;33,3;3;3;1;2;0
4752;Mimosaceae;Inga rubiginosa;2;0;21;0,66;44,3;3;3;1;2;0
4753;Mimosaceae;Inga sarmentosa;2;0;25;0,574;54,7;3;3;1;2;0
4759;Mimosaceae;Inga stipularis;2;0;23;0,53;23,8;3;3;1;2;0
4760;Mimosaceae;Inga thibaudiana;2;0;25;0,574;34,3;3;3;1;2;0
4761;Mimosaceae;Inga tubaeformis;1;0;15;0,53;20,2;;3;1;2;
4762;Mimosaceae;Inga umbellifera;1;0;10;0,72;;;3;1;2;1
4933;Myristicaceae;Iryanthera hostmannii;2;0;13;0,6;21,7;4;4;1;1;1
4938;Myristicaceae;Iryanthera sagotiana;2;0;31;0,57;38,9;4;4;1;1;1
1036;Bignoniaceae;Jacaranda copaia;3;1;38;0,35;41,5;1;2;0;1;0
3612;Lacistemataceae;Lacistema grandifolium;1;;15;0,52;17,4;;2;1;1;1
317;Apocynaceae;Lacmellea aculeata;2;0;20;;18,7;4;3;1;2;1
6772;Quiinaceae;Lacunaria crenata;1;;23;0,81;18,3;4;3;1;2;1
3361;Flacourtiaceae;Laetia procera;3;;30;0,65;51,3;1;2;1;1;1
3806;Lecythidaceae;Lecythis chartacea;3;0;40;0,82;65,2;4;4;1;1;0
3808;Lecythidaceae;Lecythis corrugata;3;0;35;0,78;40,9;4;4;1;1;0
3810;Lecythidaceae;Lecythis holcogyne;3;0;40;0,78;55,8;4;4;1;1;0
3811;Lecythidaceae;Lecythis idatimon;2;0;44;0,79;35,9;4;4;1;1;1
3812;Lecythidaceae;Lecythis persistens;2;0;30;0,86;28;4;4;1;1;0
3815;Lecythidaceae;Lecythis poiteaui;3;0;38;0,8;51,9;4;5;0;1;0
14079;Lecythidaceae;Lecythis praeclara;2;0;;;75,4;4;4;1;1;0
3817;Lecythidaceae;Lecythis zabucajo;4;0;55;0,86;51,5;4;4;1;1;0
8020;Violaceae;Leonia glycycarpa;1;;23;0,6;25,9;;4;1;2;0
1876;Chrysobalanaceae;Licania alba;3;0;37;0,89;43,8;4;5;1;0;0
1884;Chrysobalanaceae;Licania canescens;2;0;33;0,88;34;4;4;1;0;0
1892;Chrysobalanaceae;Licania densiflora;3;0;40;0,81;44,8;4;4;1;0;0
1899;Chrysobalanaceae;Licania granvillei;2;0;30;0,77;37,9;4;5;1;0;0
1901;Chrysobalanaceae;Licania heteromorpha;3;0;35;0,82;36,6;4;4;1;0;0
1904;Chrysobalanaceae;Licania hypoleuca;2;0;35;0,86;61;;4;1;0;0
1910;Chrysobalanaceae;Licania kunthiana;3;0;35;0,88;69,4;;4;1;0;0
1915;Chrysobalanaceae;Licania latistipula;3;0;39;0,836;45,5;4;4;1;0;1
1916;Chrysobalanaceae;Licania laxiflora;2;0;29;1,03;43;;4;1;0;0
1918;Chrysobalanaceae;Licania licaniiflora;3;0;30;0,67;49,3;4;5;1;0;0
1923;Chrysobalanaceae;Licania membranacea;3;0;40;0,88;50,1;4;3;1;0;0
1924;Chrysobalanaceae;Licania micrantha;2;0;30;0,84;49;4;4;1;0;0
1930;Chrysobalanaceae;Licania ovalifolia;3;0;37;0,85;66;4;4;1;0;0
1933;Chrysobalanaceae;Licania parvifructa;2;0;40;0,89;36,7;;3;1;0;0
1944;Chrysobalanaceae;Licania sprucei;2;0;20;0,836;25,5;;4;1;0;0
3688;Lauraceae;Licaria cannella;3;;40;0,97;65;4;4;1;0;1
3689;Lauraceae;Licaria chrysophylla;3;;36;0,78;65,7;;4;1;0;1
3691;Lauraceae;Licaria guianensis;2;;25;0,75;17,1;;3;1;0;1
4370;Melastomataceae;Loreya arborescens;3;;37;0,6;57,7;1;1;1;0;1
7893;Tiliaceae;Lueheopsis rugosa;3;0;35;0,55;63,5;;2;0;1;0
2963;Euphorbiaceae;Mabea piriri;1;0;20;0,6;27,3;1;3;1;1;0
323;Apocynaceae;Macoubea guianensis;3;1;32;0,41;58;1;3;1;2;0
1578;Caesalpiniaceae;Macrolobium bifolium;3;;31;0,67;37,9;3;4;0;1;0
2023;Clusiaceae;Mahurea palustris;3;;32;0,69;75,7;;1;0;1;0
7538;Sapotaceae;Manilkara bidentata;4;0;50;0,87;80,6;1;4;1;2;1
7541;Sapotaceae;Manilkara huberi;4;0;50;0,93;112,8;1;4;1;2;1
4912;Moraceae;Maquira guianensis;2;;30;0,78;37,5;4;3;1;2;1
7407;Sapindaceae;Matayba arborescens;2;;10;0,73;29,8;4;3;1;1;1
1810;Celastraceae;Maytenus oblongata;2;;13;;32,9;4;3;1;1;1
4404;Melastomataceae;Miconia acuminata;3;1;20;0,633;18,8;1;1;1;0;1
4437;Melastomataceae;Miconia fragilis;3;1;18;0,633;30,8;1;1;1;0;1
4458;Melastomataceae;Miconia minutiflora;3;1;10;0,633;27,7;1;1;1;0;1
4469;Melastomataceae;Miconia poeppigii;3;1;33;0,6;30,6;1;1;1;0;1
4504;Melastomataceae;Miconia tschudyoides;3;1;10;0,633;15,8;1;1;1;0;1
7547;Sapotaceae;Micropholis egensis;3;0;40;0,6;54,8;1;3;1;2;1
7549;Sapotaceae;Micropholis guyanensis;3;0;42;0,66;65,3;1;4;1;2;1
7554;Sapotaceae;Micropholis obscura;4;0;44;0,669;72,3;1;4;1;2;1
7558;Sapotaceae;Micropholis venulosa;3;0;40;0,67;54,8;1;3;1;2;1
5290;Olacaceae;Minquartia guianensis;3;0;37;0,77;65,4;1;4;1;0;1
2025;Clusiaceae;Moronobea coccinea;3;;40;0,83;64,2;4;4;1;0;0
4508;Melastomataceae;Mouriri angulicosta;3;;35;0,9;;4;3;1;0;1
4510;Melastomataceae;Mouriri collocarpa;2;0;30;0,81;45,1;4;4;1;0;1
4511;Melastomataceae;Mouriri crassifolia;2;0;35;0,9;41,3;2;3;1;0;1
4514;Melastomataceae;Mouriri francavillana;2;0;14;;;1;3;1;2;1
4517;Melastomataceae;Mouriri huberi;2;;30;0,78;;4;3;1;2;1
4519;Melastomataceae;Mouriri nervosa;2;;29;;38,6;4;3;1;2;1
5107;Myrtaceae;Myrcia decorticans;2;;30;;21;1;3;1;2;1
5151;Myrtaceae;Myrciaria floribunda;1;;25;0,77;26,2;4;3;1;;1
4915;Moraceae;Naucleopsis guianensis;2;;20;0,65;17,3;;3;1;2;1
5183;Nyctaginaceae;Neea floribunda;1;;18;0,62;33,5;1;3;1;0;1
3713;Lauraceae;Ocotea amazonica;2;0;25;0,44;57,2;;4;1;0;
3714;Lauraceae;Ocotea argyrophylla;2;0;;;58;4;3;1;0;1
3716;Lauraceae;Ocotea canaliculata;3;0;30;0,46;23,1;;4;1;0;
3718;Lauraceae;Ocotea ceanothifolia;3;0;36;0,37;77,6;4;4;1;0;1
3719;Lauraceae;Ocotea cernua;1;0;8;0,45;25,6;;4;1;0;
3730;Lauraceae;Ocotea glomerata;2;0;20;0,51;15,8;;3;1;0;
3732;Lauraceae;Ocotea guianensis;3;0;30;0,56;31,5;4;3;1;0;0
3735;Lauraceae;Ocotea indirectinervia;3;0;33;;39,9;4;4;1;0;0
3750;Lauraceae;Ocotea splendens;2;0;15;0,45;52,8;4;3;1;0;1
3752;Lauraceae;Ocotea tomentella;4;0;46;0,46;88,2;4;4;1;0;1
652;Arecaceae;Oenocarpus bacaba;2;1;25;0,65;23,6;4;4;1;0;1
29051;Arecaceae;Oenocarpus bataua;3;1;27;;22,3;4;4;1;0;1
3253;Papilionaceae;Ormosia coccinea;3;;43;0,63;100,6;4;3;0;1;1
3255;Papilionaceae;Ormosia coutinhoi;2;;31;0,59;44,5;4;4;0;2;0
3259;Papilionaceae;Ormosia melanocarpa;3;;39;0,62;69,2;2;3;0;1;1
3261;Papilionaceae;Ormosia paraensis;3;;45;0,67;63;4;3;0;1;1
5219;Ochnaceae;Ouratea decagyna;1;;25;0,77;24,7;;3;1;0;1
5228;Ochnaceae;Ouratea guianensis;1;;13;0,759;26,1;;3;1;0;1
5237;Ochnaceae;Ouratea melinonii;1;;24;0,759;14,9;2;3;1;0;1
233;Annonaceae;Oxandra asbeckii;2;0;18;0,77;18,7;1;3;1;0;1
13093;Bombacaceae;Pachira dolichocalyx;2;;25;;37,5;1;4;0;1;0
7089;Rubiaceae;Palicourea guianensis;3;;12;0,54;29,3;;2;1;0;1
356;Apocynaceae;Parahancornia fasciculata;3;;33;0,48;54,5;2;3;1;2;1
3264;Papilionaceae;Paramachaerium ormosioides;3;;35;0,749;59,3;2;4;0;2;0
1946;Chrysobalanaceae;Parinari campestris;3;0;25;0,71;74,8;4;5;1;0;0
1947;Chrysobalanaceae;Parinari excelsa;3;0;40;0,7;81,1;4;5;1;0;0
1949;Chrysobalanaceae;Parinari montana;4;0;39;0,71;77,6;4;5;1;0;0
1951;Chrysobalanaceae;Parinari rodolphii;3;0;40;0,72;;4;5;1;0;0
4802;Mimosaceae;Parkia nitida;3;;40;0,38;91,1;2;3;1;2;0
4803;Mimosaceae;Parkia pendula;3;;39;0,53;51,9;3;3;1;1;0
4805;Mimosaceae;Parkia ulei;3;;45;0,37;74,5;4;3;1;1;0
4806;Mimosaceae;Parkia velutina;3;;40;0,43;85,5;2;3;1;1;1
1605;Caesalpiniaceae;Peltogyne lecointei;4;;49;0,76;;2;3;0;2;0
1606;Caesalpiniaceae;Peltogyne paniculata;3;0;30;0,8;46,7;2;3;0;1;0
1608;Caesalpiniaceae;Peltogyne venosa;3;0;45;0,73;80;2;4;0;2;0
4918;Moraceae;Perebea rubra;2;0;30;0,34;20,4;;3;1;0;0
2032;Clusiaceae;Platonia insignis;3;0;40;0,72;95,9;4;5;1;2;1
3270;Papilionaceae;Platymiscium pinnatum;3;;35;0,72;92;;4;0;2;0
3274;Papilionaceae;Poecilanthe hostmannii;1;;8;0,62;17,5;;4;0;1;0
3024;Euphorbiaceae;Pogonophora schomburgkiana;2;;20;0,83;23;;3;0;1;0
3592;Icacinaceae;Poraqueiba guianensis;2;;29;0,74;30,5;1;4;1;0;0
7112;Rubiaceae;Posoqueria latifolia;1;;15;0,57;25;1;4;1;2;1
1789;Cecropiaceae;Pourouma bicolor;1;;15;0,36;38;4;3;1;0;1
1792;Cecropiaceae;Pourouma guianensis;2;1;25;0,38;38,4;4;3;1;0;1
1793;Cecropiaceae;Pourouma melinonii;2;1;28;0,32;46,2;4;3;1;0;1
1795;Cecropiaceae;Pourouma mollis;2;;25;0,39;46,9;4;3;1;0;1
1801;Cecropiaceae;Pourouma villosa;2;;25;0,34;45;4;3;1;0;1
7560;Sapotaceae;Pouteria ambelaniifolia;2;0;30;0,7;38;3;4;1;2;1
7564;Sapotaceae;Pouteria bilocularis;3;0;32;0,71;46,2;2;4;1;2;1
7565;Sapotaceae;Pouteria brachyandra;3;0;30;0,776;34,8;4;4;1;0;0
7566;Sapotaceae;Pouteria caimito;3;0;30;0,82;33;;4;1;2;1
7572;Sapotaceae;Pouteria coriacea;2;0;27;0,9;31,2;2;4;1;2;1
7580;Sapotaceae;Pouteria egregia;3;0;43;0,9;64,8;2;4;1;2;1
7582;Sapotaceae;Pouteria engleri;3;0;35;0,77;57;4;3;1;2;1
7583;Sapotaceae;Pouteria eugeniifolia;3;0;41;1,1;66,8;3;4;1;0;0
7585;Sapotaceae;Pouteria fimbriata;3;0;35;0,776;53,9;;4;1;2;1
7589;Sapotaceae;Pouteria gonggrijpii;2;0;28;0,71;35,4;;4;1;2;1
7591;Sapotaceae;Pouteria grandis;3;0;44;0,93;50,3;4;5;1;0;0
7592;Sapotaceae;Pouteria guianensis;3;0;35;0,94;57,3;3;4;1;2;1
7593;Sapotaceae;Pouteria hispida;3;0;36;0,87;55;4;4;1;2;1
7594;Sapotaceae;Pouteria jariensis;2;0;26;0,776;38,7;;4;1;2;1
7605;Sapotaceae;Pouteria reticulata;3;0;37;0,79;36,3;;4;1;2;1
7612;Sapotaceae;Pouteria singularis;2;0;20;0,776;30,9;2;3;1;2;1
7616;Sapotaceae;Pouteria torta;3;0;35;0,77;47,5;4;4;1;2;1
7619;Sapotaceae;Pouteria venosa;3;0;40;0,92;41,9;;5;1;0;0
7623;Sapotaceae;Pradosia cochlearia;4;0;49;0,73;94,9;2;4;1;2;1
7625;Sapotaceae;Pradosia ptychandra;2;0;37;0,64;44,9;2;4;1;2;1
1372;Burseraceae;Protium apiculatum;3;1;25;0,56;37,7;2;3;1;1;1
1373;Burseraceae;Protium aracouchini;2;1;21;0,49;38,1;;3;1;1;1
1377;Burseraceae;Protium decandrum;3;1;41;0,52;36,1;4;4;1;1;1
33650;Burseraceae;Protium gallicum;3;1;35;0,56;35,7;4;3;1;1;1
1382;Burseraceae;Protium giganteum;2;1;30;0,56;40,2;;3;1;1;1
1386;Burseraceae;Protium guianense;3;1;45;0,71;32,6;;3;1;1;1
1387;Burseraceae;Protium heptaphyllum;2;1;25;0,62;30,8;4;3;1;1;1
1392;Burseraceae;Protium opacum;3;1;30;0,57;36,6;4;4;1;1;1
1395;Burseraceae;Protium plagiocarpium;1;1;12;0,56;19,6;4;3;1;1;1
1399;Burseraceae;Protium robustum;2;1;25;0,56;59,4;;3;1;1;1
1400;Burseraceae;Protium sagotianum;2;1;23;0,56;44,5;;3;1;1;1
1402;Burseraceae;Protium subserratum;3;1;33;0,55;43,1;5;3;1;1;1
1403;Burseraceae;Protium tenuifolium;3;1;34;0,57;47,7;1;3;1;1;1
1404;Burseraceae;Protium trifoliolatum;1;1;15;0,69;20,8;;3;1;1;1
4922;Moraceae;Pseudolmedia laevis;2;;40;0,64;25,4;;3;1;0;1
4818;Mimosaceae;Pseudopiptadenia suaveolens;4;;41;0,68;100,8;1;2;0;1;0
3277;Papilionaceae;Pterocarpus officinalis;3;0;28;0,38;45,9;4;4;0;2;0
8096;Vochysiaceae;Qualea rosea;4;0;46;0,58;72,7;1;3;0;1;0
6780;Quiinaceae;Quiina guianensis;1;;10;0,863;15,1;;2;1;0;1
6785;Quiinaceae;Quiina obovata;2;;15;0,85;25,8;4;3;1;0;1
1613;Caesalpiniaceae;Recordoxylon speciosum;3;;40;0,8;55,4;3;4;0;2;0
6822;Rhabdodendraceae;Rhabdodendron amazonicum;1;;10;0,73;20,7;;3;1;0;1
3758;Lauraceae;Rhodostemonodaphne grandis;3;;30;0,39;35,3;4;4;1;0;1
8027;Violaceae;Rinorea amapensis;1;0;20;0,681;;;3;0;1;0
8032;Violaceae;Rinorea flavescens;1;0;15;0,63;15,5;;2;0;1;0
8039;Violaceae;Rinorea pectino-squamata;1;0;18;0,61;17,8;;3;0;1;0
242;Annonaceae;Rollinia exsucca;1;0;7;0,38;17,4;;2;1;2;0
8099;Vochysiaceae;Ruizterania albiflora;4;;53;0,58;100;1;2;0;1;0
3564;Humiriaceae;Sacoglottis cydonioides;3;;35;0,78;73;1;4;1;0;1
3565;Humiriaceae;Sacoglottis guianensis;3;;37;0,84;56,8;1;4;1;0;0
3028;Euphorbiaceae;Sagotia racemosa;1;;15;0,58;15,5;;3;0;1;0
3029;Euphorbiaceae;Sandwithia guianensis;1;;14;0,72;15,2;;3;0;1;0
558;Araliaceae;Schefflera decaphylla;3;1;40;0,45;57;1;2;1;0;1
562;Araliaceae;Schefflera morototoni;3;1;35;0,44;26,5;1;2;1;0;1
3569;Humiriaceae;Schistostemon sylvaticum;3;;35;;70,5;1;5;1;0;0
3744;Lauraceae;Sextonia rubra;3;0;44;0,55;80;4;4;1;0;1
7681;Simaroubaceae;Simaba cedron;1;1;10;0,47;19,5;;5;1;2;0
7685;Simaroubaceae;Simaba morettii;3;;40;;80,9;4;5;1;2;1
7689;Simaroubaceae;Simarouba amara;3;1;41;0,38;67,2;2;3;1;0;1
4850;Monimiaceae;Siparuna decipiens;1;1;18;0,64;25;1;3;1;0;1
2740;Elaeocarpaceae;Sloanea grandiflora;2;;40;0,81;63,1;4;3;1;1;1
2741;Elaeocarpaceae;Sloanea guianensis;2;;40;0,82;28,9;1;3;1;1;1
664;Arecaceae;Socratea exorrhiza;1;1;20;0,23;19,5;4;4;1;1;1
7817;Sterculiaceae;Sterculia pruriens;3;1;43;0,48;68,7;4;4;1;1;1
7820;Sterculiaceae;Sterculia speciosa;3;1;;0,51;67,1;4;4;1;1;1
4821;Mimosaceae;Stryphnodendron guianense;3;;;0,57;62,4;1;3;1;1;0
4823;Mimosaceae;Stryphnodendron polystachyum;4;;40;0,46;73,4;;2;1;2;0
4824;Mimosaceae;Stryphnodendron pulcherrimum;3;;28;0,47;59,6;;2;1;2;0
1652;Papilionaceae;Swartzia arborescens;1;0;23;0,83;19,1;;3;1;1;0
1662;Papilionaceae;Swartzia grandifolia;1;;18;1,03;16,8;4;3;1;1;0
1673;Papilionaceae;Swartzia leblondii;2;;23;0,83;18,4;3;4;1;1;1
1678;Papilionaceae;Swartzia oblanceolata;2;;30;0,86;41,7;;3;1;1;1
1681;Papilionaceae;Swartzia panacoco;3;0;33;0,94;43,2;4;4;1;1;0
1692;Papilionaceae;Swartzia polyphylla;3;0;44;0,69;98,5;3;4;1;1;0
2046;Clusiaceae;Symphonia globulifera;3;0;39;0,6;92;4;5;1;0;0
2046;Clusiaceae;Symphonia sp.1;3;0;39;0,6;92;4;5;1;0;0
1086;Bignoniaceae;Tabebuia capitata;3;;32;0,92;;1;2;0;1;0
1089;Bignoniaceae;Tabebuia insignis;3;;37;0,53;70,4;1;2;0;1;0
1093;Bignoniaceae;Tabebuia serratifolia;3;1;30;0,92;67,8;1;2;0;1;0
33670;Caesalpiniaceae;Tachigali guianensis;3;;40;0,62;;1;3;0;2;0
9898;Caesalpiniaceae;Tachigali melinonii;4;0;51;0,45;61,7;1;3;0;2;0
9899;Caesalpiniaceae;Tachigali paraënsis;3;1;40;;74,3;1;3;0;2;0
7484;Sapindaceae;Talisia furfuracea;2;1;30;;46,9;;3;1;2;1
7487;Sapindaceae;Talisia hexaphylla;2;1;30;;29,4;;3;1;2;1
7491;Sapindaceae;Talisia microphylla;2;1;25;0,82;38,6;4;4;1;2;0
7497;Sapindaceae;Talisia praealta;3;1;30;;34,4;4;3;1;2;0
7505;Sapindaceae;Talisia sylvatica;2;1;8;0,86;;4;3;1;2;1
132;Anacardiaceae;Tapirira bethanniana;4;;50;0,369;60;;3;1;1;1
133;Anacardiaceae;Tapirira guianensis;2;;25;0,45;42,3;2;3;1;0;1
134;Anacardiaceae;Tapirira obtusa;2;;35;0,29;35;;3;1;0;1
2637;Dichapetalaceae;Tapura amazonica;1;0;8;;;5;3;1;2;1
2638;Dichapetalaceae;Tapura capitulifera;2;0;35;0,72;61,8;;3;1;2;1
2639;Dichapetalaceae;Tapura guianensis;1;0;5;0,58;19,4;;3;1;0;0
2117;Combretaceae;Terminalia amazonia;4;0;30;0,68;76,4;1;2;0;2;0
1407;Burseraceae;Tetragastris hostmannii;3;1;30;0,73;;1;3;1;1;1
1408;Burseraceae;Tetragastris panamensis;3;1;39;0,72;53,3;2;3;1;1;1
7825;Sterculiaceae;Theobroma subincanum;1;0;20;0,47;28,2;4;4;1;2;0
7826;Sterculiaceae;Theobroma velutinum;2;0;15;;;2;4;1;2;1
135;Anacardiaceae;Thyrsodium guianense;2;;35;0,64;39,3;4;4;1;0;0
136;Anacardiaceae;Thyrsodium puberulum;3;;34;;51,3;4;4;1;0;0
137;Anacardiaceae;Thyrsodium spruceanum;3;;35;0,64;29,3;4;4;1;0;0
6791;Quiinaceae;Touroulia guianensis;2;;30;0,76;30,5;;3;1;0;1
2051;Clusiaceae;Tovomita brasiliensis;1;;17;0,695;16,7;;3;1;1;1
2052;Clusiaceae;Tovomita brevistaminea;1;;15;0,695;20,4;3;4;1;1;1
1412;Burseraceae;Trattinnickia rhoifolia;3;1;35;0,45;69,5;1;3;1;0;1
4597;Meliaceae;Trichilia micrantha;1;;20;0,61;22,3;;3;1;1;1
4602;Meliaceae;Trichilia quadrijuga;2;;30;0,55;45,5;;3;1;1;1
4604;Meliaceae;Trichilia schomburgkii;2;;20;0,69;25,8;3;4;1;1;0
28787;Moraceae;Trymatococcus amazonicus;2;;30;0,66;40,3;;3;1;0;0
4927;Moraceae;Trymatococcus oligandrus;2;0;20;0,61;23,2;4;3;1;0;1
249;Annonaceae;Unonopsis rufescens;1;;18;0,61;18,8;;3;1;0;1
3572;Humiriaceae;Vantanea parviflora;3;;40;0,84;58,6;1;4;1;0;0
3309;Papilionaceae;Vatairea erythrocarpa;4;;30;;53,8;2;4;0;2;0
4944;Myristicaceae;Virola michelii;3;0;41;0,47;52,5;5;4;1;1;1
4946;Myristicaceae;Virola sebifera;3;0;20;0,46;27,1;4;3;1;1;1
4947;Myristicaceae;Virola surinamensis;4;0;42;0,42;78,2;5;4;1;1;1
2082;Clusiaceae;Vismia cayennensis;3;0;10;0,49;24;1;1;1;0;0
2085;Clusiaceae;Vismia guianensis;3;0;15;0,48;34,9;1;1;1;0;0
2088;Clusiaceae;Vismia latifolia;3;;7;0,43;23,7;;1;1;0;0
2094;Clusiaceae;Vismia sessilifolia;3;;15;0,494;28,1;;1;1;0;0
8103;Vochysiaceae;Vochysia cayennensis;3;;35;0,37;;1;3;0;1;0
8109;Vochysiaceae;Vochysia guianensis;3;;42;0,51;101,2;1;3;0;1;0
8111;Vochysiaceae;Vochysia neyratii;3;;35;0,47;;1;3;0;1;0
8115;Vochysiaceae;Vochysia surinamensis;3;;40;0,6;70;1;2;0;1;0
8117;Vochysiaceae;Vochysia tomentosa;3;;32;0,38;99;1;2;0;1;0
1716;Caesalpiniaceae;Vouacapoua americana;3;0;38;0,79;73,1;4;5;0;1;0
260;Annonaceae;Xylopia nitida;3;0;34;0,55;38,1;1;2;1;1;1
262;Annonaceae;Xylopia pulcherrima;2;0;25;;27,4;;2;1;1;1
264;Annonaceae;Xylopia surinamensis;2;0;30;0,6;24,9;;2;1;1;1
7382;Rutaceae;Zanthoxylum pentandrum;3;1;;0,67;;1;2;1;1;1
4837;Mimosaceae;Zygia racemosa;2;;30;0,75;54,9;2;2;1;1;0
4838;Mimosaceae;Zygia sabatieri;1;;12;;24;2;3;1;1;0
4839;Mimosaceae;Zygia tetragona;1;;35;0,803;20,6;2;2;1;1;0
